Educational Qualification of Tamil Nadu MLA's,Assets of all MLA's in Tamil Nadu,List of Tamil Nadu MLA's with Criminal Records,,,
Candidate Name | Constituency | Party | Education,Candidate Name | Constituency | Party | Assets,Candidate Name | Constituency | Party | Criminal Cases,,,
--------------------------------------------------------------------,--------------------------------------------------------------------,--------------------------------------------------------------------,,,
Madhiyazhagan | Bargur | DMK | Graduate,Tha Mo Anbarasan | Alandur | DMK | ? NA,Tha Mo Anbarasan | Alandur | DMK | NA,,,
K.c.karupannan | Bhavani | AIADMK | 10th Pass,"Siva Ve Meyyanaadhan | Alangudi | DMK | ? 1,34,59,578",Siva Ve Meyyanaadhan | Alangudi | DMK | 29,,,
Bannari | Bhavanisagar | AIADMK | Graduate,"Manoj Pandian | Alangulam | AIADMK | ? 16,95,67,880",Manoj Pandian | Alangulam | AIADMK | 3,,,
Arunmozhithevan | Bhuvanagiri | AIADMK | Graduate Professional,"Isakki Subbaiah | Ambasamudram | AIADMK | ? 2,46,76,20,574",Isakki Subbaiah | Ambasamudram | AIADMK | 0,,,
O. Panneerselvam | Bodinayakanur | AIADMK | Graduate,"Joseph Samuel | Ambattur | DMK | ? 1,38,01,888",Joseph Samuel | Ambattur | DMK | 1,,,
Varalakshmi Madhusoodhanan | Chengalpattu | DMK | Others,"A S Viswanathan | Ambur | DMK | ? 3,86,35,845",A S Viswanathan | Ambur | DMK | 0,,,
Mu Pe Giri | Chengam | DMK | 12th Pass,"Nandhakumar | Anaikattu | DMK | ? 26,08,78,527",Nandhakumar | Anaikattu | DMK | 10,,,
Udhayanidhi Stalin | Chepauk-thiruvallikeni | DMK | Graduate,"Maharajan | Andipatti | DMK | ? 15,55,30,084",Maharajan | Andipatti | DMK | 4,,,
O Jothi | Cheyyar | DMK | Graduate,"M K Mohan | Anna Nagar | DMK | ? 2,11,20,99,843",M K Mohan | Anna Nagar | DMK | 4,,,
Babu | Cheyyur | VCK | Graduate,"Venkatachalam | Anthiyur | DMK | ? 4,29,51,409",Venkatachalam | Anthiyur | DMK | 9,,,
K.a.pandian | Chidambaram | AIADMK | Post Graduate,"Ravi | Arakkonam | AIADMK | ? 1,15,74,232",Ravi | Arakkonam | AIADMK | 0,,,
Amman Archunan | Coimbatore (North) | AIADMK | 10th Pass,"Sevur Ramachandran | Arani | AIADMK | ? 14,89,50,984",Sevur Ramachandran | Arani | AIADMK | 0,,,
Vanathi Srinivasan | Coimbatore (South) | BJP | Post Graduate,"S.t.ramachandran | Aranthangi | INC | ? 1,42,51,126",S.t.ramachandran | Aranthangi | INC | 0,,,
Prince | Colachel | INC | Post Graduate,"R.elango | Aravakurichi | DMK | ? 3,83,29,734",R.elango | Aravakurichi | DMK | 3,,,
K. Ramachandran | Coonoor | DMK | 12th Pass,"J L Eeswarappan | Arcot | DMK | ? 13,17,71,131",J L Eeswarappan | Arcot | DMK | 0,,,
Ko Ayyappan | Cuddalore | DMK | Post Graduate,"Chinappa | Ariyalur | MDMK | ? 1,46,71,830",Chinappa | Ariyalur | MDMK | 4,,,
Cumbum Ramakrishnan | Cumbum | DMK | Post Graduate,"S.s.r.ramachandiran | Aruppukkottai | DMK | ? 4,27,08,308",S.s.r.ramachandiran | Aruppukkottai | DMK | 9,,,
Kayalvizhi Selvaraj | Dharapuram (SC) | DMK | Post Graduate,"I.periyasamy | Athoor | DMK | ? 7,63,94,882",I.periyasamy | Athoor | DMK | 12,,,
S.p.venkateshwaran | Dharmapuri | PMK | Graduate,"Jayasankaran | Attur | AIADMK | ? 5,61,14,528",Jayasankaran | Attur | AIADMK | 0,,,
Srinivasan | Dindigul | AIADMK | Post Graduate,"Nazar | Avadi | DMK | ? 11,33,57,880",Nazar | Avadi | DMK | 29,,,
J J Ebenesar | Dr.radhakrishnan Nagar | DMK | Post Graduate,"Dhanapal | Avanashi (SC) | AIADMK | ? 4,94,43,148",Dhanapal | Avanashi (SC) | AIADMK | 0,,,
Palaniswami K | Edappadi | AIADMK | Graduate,"Madhiyazhagan | Bargur | DMK | ? 71,87,67,086",Madhiyazhagan | Bargur | DMK | 0,,,
Parandhaman | Egmore | DMK | Graduate Professional,"K.c.karupannan | Bhavani | AIADMK | ? 18,18,70,779",K.c.karupannan | Bhavani | AIADMK | 0,,,
Thirumagan Evera | Erode (East) | INC | Graduate,"Bannari | Bhavanisagar | AIADMK | ? 25,48,917",Bannari | Bhavanisagar | AIADMK | 0,,,
S. Muthusami | Erode (West) | DMK | Post Graduate,"Arunmozhithevan | Bhuvanagiri | AIADMK | ? 3,94,66,325",Arunmozhithevan | Bhuvanagiri | AIADMK | 0,,,
M.chinnadurai | Gandharvakottai | CPM | 8th Pass,"O. Panneerselvam | Bodinayakanur | AIADMK | ? 7,82,46,683",O. Panneerselvam | Bodinayakanur | AIADMK | 0,,,
Nallathambi | Gangavalli | AIADMK | 5th Pass,"Varalakshmi Madhusoodhanan | Chengalpattu | DMK | ? 41,44,45,408",Varalakshmi Madhusoodhanan | Chengalpattu | DMK | 0,,,
K S Masthan | Gingee | DMK | 8th Pass,"Mu Pe Giri | Chengam | DMK | ? 1,81,05,914",Mu Pe Giri | Chengam | DMK | 0,,,
K.a.sengottayan | Gobichettipalayam | AIADMK | 10th Pass,"Udhayanidhi Stalin | Chepauk-thiruvallikeni | DMK | ? 29,07,77,932",Udhayanidhi Stalin | Chepauk-thiruvallikeni | DMK | 22,,,
Pon Jeyaseelan | Gudalur | AIADMK | Graduate Professional,"O Jothi | Cheyyar | DMK | ? 63,78,573",O Jothi | Cheyyar | DMK | 3,,,
V Amalu | Gudiyattam | DMK | 8th Pass,"Babu | Cheyyur | VCK | ? 15,89,17,070",Babu | Cheyyur | VCK | 0,,,
T J Govindarajan | Gummidipoondi | DMK | 10th Pass,"K.a.pandian | Chidambaram | AIADMK | ? 6,20,79,604",K.a.pandian | Chidambaram | AIADMK | 0,,,
Sekar Babu | Harbour | DMK | 10th Pass,"Amman Archunan | Coimbatore (North) | AIADMK | ? 12,78,57,798",Amman Archunan | Coimbatore (North) | AIADMK | 0,,,
V.sampathkumar | Harur | AIADMK | Graduate Professional,"Vanathi Srinivasan | Coimbatore (South) | BJP | ? 9,41,34,507",Vanathi Srinivasan | Coimbatore (South) | BJP | 2,,,
Y Prakash | Hosur | DMK | 10th Pass,"Prince | Colachel | INC | ? 68,72,055",Prince | Colachel | INC | 73,,,
K S K Kannan | Jayankondam | DMK | Post Graduate,"K. Ramachandran | Coonoor | DMK | ? 10,54,41,336",K. Ramachandran | Coonoor | DMK | 3,,,
Devaraji | Jolarpet | DMK | 8th Pass,"Ko Ayyappan | Cuddalore | DMK | ? 2,34,70,563",Ko Ayyappan | Cuddalore | DMK | 0,,,
Krishnamurali | Kadayanallur | AIADMK | Graduate,"Cumbum Ramakrishnan | Cumbum | DMK | ? 7,38,91,559",Cumbum Ramakrishnan | Cumbum | DMK | 7,,,
Pe Su Thi Saravanan | Kalasapakkam | DMK | Post Graduate,"Kayalvizhi Selvaraj | Dharapuram (SC) | DMK | ? 4,17,07,053",Kayalvizhi Selvaraj | Dharapuram (SC) | DMK | 0,,,
Senthilkumar | Kallakurichi | AIADMK | 12th Pass,"S.p.venkateshwaran | Dharmapuri | PMK | ? 1,35,97,461",S.p.venkateshwaran | Dharmapuri | PMK | 4,,,
Ezhilarasan | Kancheepuram | DMK | Graduate Professional,"Srinivasan | Dindigul | AIADMK | ? 7,75,39,989",Srinivasan | Dindigul | AIADMK | 0,,,
Saminathan | Kangayam | DMK | Graduate,"J J Ebenesar | Dr.radhakrishnan Nagar | DMK | ? 15,80,302",J J Ebenesar | Dr.radhakrishnan Nagar | DMK | 0,,,
Thalavai Sundaram | Kanniyakumari | AIADMK | Graduate Professional,"Palaniswami K | Edappadi | AIADMK | ? 6,70,37,269",Palaniswami K | Edappadi | AIADMK | 0,,,
S.mangudi | Karaikudi | INC | Graduate,"Parandhaman | Egmore | DMK | ? 1,12,46,806",Parandhaman | Egmore | DMK | 0,,,
Senthil Balaji | Karur | DMK | Graduate,"Thirumagan Evera | Erode (East) | INC | ? 2,40,39,279",Thirumagan Evera | Erode (East) | INC | 0,,,
Durai Murugan | Katpadi | DMK | Post Graduate,"S. Muthusami | Erode (West) | DMK | ? 13,68,62,340",S. Muthusami | Erode (West) | DMK | 9,,,
Sindhanaiselvan | Kattumannarkoil (SC) | VCK | Others,"M.chinnadurai | Gandharvakottai | CPM | ? 4,73,200",M.chinnadurai | Gandharvakottai | CPM | 0,,,
Arunkumar | Kavundampalayam | AIADMK | 10th Pass,"Nallathambi | Gangavalli | AIADMK | ? 56,31,971",Nallathambi | Gangavalli | AIADMK | 0,,,
S.rajeshkumar | Killiyoor | INC | Post Graduate,"K S Masthan | Gingee | DMK | ? 2,93,00,042",K S Masthan | Gingee | DMK | 29,,,
Ku Pichchaandi | Kilpennathur | DMK | Post Graduate,"K.a.sengottayan | Gobichettipalayam | AIADMK | ? 12,39,14,561",K.a.sengottayan | Gobichettipalayam | AIADMK | 0,,,
M. Jaganmoorthy | Kilvaithinankuppam | PBK | 12th Pass,"Pon Jeyaseelan | Gudalur | AIADMK | ? 31,10,871",Pon Jeyaseelan | Gudalur | AIADMK | 0,,,
Maali | Kilvelur | CPM | Graduate Professional,"V Amalu | Gudiyattam | DMK | ? 33,75,763",V Amalu | Gudiyattam | DMK | 0,,,
Dhamodharan | Kinathukadavu | AIADMK | 10th Pass,"T J Govindarajan | Gummidipoondi | DMK | ? 7,48,80,993",T J Govindarajan | Gummidipoondi | DMK | 0,,,
M K Stalin | Kolathur | DMK | Graduate,"Sekar Babu | Harbour | DMK | ? 2,10,54,762",Sekar Babu | Harbour | DMK | 25,,,
Kadambur Raju | Kovilpatti | AIADMK | 12th Pass,"V.sampathkumar | Harur | AIADMK | ? 70,80,103",V.sampathkumar | Harur | AIADMK | 0,,,
Ashok Kumar | Krishnagiri | AIADMK | 10th Pass,"Y Prakash | Hosur | DMK | ? 7,85,53,505",Y Prakash | Hosur | DMK | 0,,,
K.sivakamasundari | Krishnarayapuram | DMK | Post Graduate,"K S K Kannan | Jayankondam | DMK | ? 12,63,49,042",K S K Kannan | Jayankondam | DMK | 21,,,
R.manickam | Kulithalai | DMK | 12th Pass,"Devaraji | Jolarpet | DMK | ? 2,97,04,329",Devaraji | Jolarpet | DMK | 3,,,
Thangamani | Kumarapalayam | AIADMK | 10th Pass,"Krishnamurali | Kadayanallur | AIADMK | ? 3,14,80,837",Krishnamurali | Kadayanallur | AIADMK | 1,,,
Anbazhagan | Kumbakonam | DMK | 10th Pass,"Pe Su Thi Saravanan | Kalasapakkam | DMK | ? 4,49,63,590",Pe Su Thi Saravanan | Kalasapakkam | DMK | 1,,,
S S Sivashankar | Kunnam | DMK | Graduate Professional,"Senthilkumar | Kallakurichi | AIADMK | ? 54,91,198",Senthilkumar | Kallakurichi | AIADMK | 0,,,
M R K Panneerselvam | Kurinjipadi | DMK | Graduate Professional,"Ezhilarasan | Kancheepuram | DMK | ? 7,14,55,672",Ezhilarasan | Kancheepuram | DMK | 5,,,
A.soundrapandiyan | Lalgudi | DMK | 12th Pass,"Saminathan | Kangayam | DMK | ? 21,07,97,652",Saminathan | Kangayam | DMK | 3,,,
C.mahendran | Madathukulam | AIADMK | Post Graduate,"Thalavai Sundaram | Kanniyakumari | AIADMK | ? 1,99,70,097",Thalavai Sundaram | Kanniyakumari | AIADMK | 1,,,
Sudharsanam | Madavaram | DMK | Post Graduate,"S.mangudi | Karaikudi | INC | ? 5,38,87,265",S.mangudi | Karaikudi | INC | 9,,,
Karapakkam Ganapathi | Maduravoyal | DMK | 8th Pass,"Senthil Balaji | Karur | DMK | ? 2,92,70,169",Senthil Balaji | Karur | DMK | 30,,,
P. T. R. Palanivel Thiagarajan | Madurai Central | DMK | Doctorate,"Durai Murugan | Katpadi | DMK | ? 30,80,92,291",Durai Murugan | Katpadi | DMK | 8,,,
P Moorthi | Madurai East | DMK | 12th Pass,"Sindhanaiselvan | Kattumannarkoil (SC) | VCK | ? 95,62,905",Sindhanaiselvan | Kattumannarkoil (SC) | VCK | 1,,,
Ko Thalapathi | Madurai North | DMK | 10th Pass,"Arunkumar | Kavundampalayam | AIADMK | ? 3,65,89,365",Arunkumar | Kavundampalayam | AIADMK | 0,,,
Bhoominathan | Madurai South | MDMK | 5th Pass,"S.rajeshkumar | Killiyoor | INC | ? 2,10,18,347",S.rajeshkumar | Killiyoor | INC | 52,,,
Sellur K.raju | Madurai West | AIADMK | Graduate,"Ku Pichchaandi | Kilpennathur | DMK | ? 3,49,67,503",Ku Pichchaandi | Kilpennathur | DMK | 0,,,
Maragatham Kumaravel | Madurantakam | AIADMK | Post Graduate,"M. Jaganmoorthy | Kilvaithinankuppam | PBK | ? 1,33,51,510",M. Jaganmoorthy | Kilvaithinankuppam | PBK | 2,,,
Sivakumar | Mailam | PMK | 8th Pass,"Maali | Kilvelur | CPM | ? 19,38,170",Maali | Kilvelur | CPM | 0,,,
C.kathiravan | Manachanallur | DMK | 12th Pass,"Dhamodharan | Kinathukadavu | AIADMK | ? 5,12,51,260",Dhamodharan | Kinathukadavu | AIADMK | 0,,,
Tamilarasi | Manamadurai | DMK | Graduate,"M K Stalin | Kolathur | DMK | ? 8,88,75,339",M K Stalin | Kolathur | DMK | 47,,,
Abdul Samadh | Manapparai | MMK | 10th Pass,"Kadambur Raju | Kovilpatti | AIADMK | ? 2,15,06,562",Kadambur Raju | Kovilpatti | AIADMK | 2,,,
Trb Raja | Mannargudi | DMK | Post Graduate,"Ashok Kumar | Krishnagiri | AIADMK | ? 36,12,824",Ashok Kumar | Krishnagiri | AIADMK | 0,,,
Rajakumar | Mayiladuthurai | INC | Post Graduate,"K.sivakamasundari | Krishnarayapuram | DMK | ? 64,36,018",K.sivakamasundari | Krishnarayapuram | DMK | 0,,,
Periyapulla @ Selvam | Melur | AIADMK | Graduate,"R.manickam | Kulithalai | DMK | ? 1,32,28,629",R.manickam | Kulithalai | DMK | 6,,,
A.k.selvaraj | Mettuppalayam | AIADMK | Graduate,"Thangamani | Kumarapalayam | AIADMK | ? 1,86,81,256",Thangamani | Kumarapalayam | AIADMK | 0,,,
Sadhasivam | Mettur | PMK | Post Graduate,"Anbazhagan | Kumbakonam | DMK | ? 41,73,02,510",Anbazhagan | Kumbakonam | DMK | 6,,,
,"S S Sivashankar | Kunnam | DMK | ? 13,55,94,705",S S Sivashankar | Kunnam | DMK | 46,,,
,"M R K Panneerselvam | Kurinjipadi | DMK | ? 10,93,45,490",M R K Panneerselvam | Kurinjipadi | DMK | 12,,,
Mylai Velu | Mylapore | DMK | NA,"A.soundrapandiyan | Lalgudi | DMK | ? 1,72,90,507",A.soundrapandiyan | Lalgudi | DMK | 12,,,
Aloor Shanavas | Nagapattinam | VCK | 12th Pass,"C.mahendran | Madathukulam | AIADMK | ? 46,40,61,686",C.mahendran | Madathukulam | AIADMK | 0,,,
M.r.gandhi | Nagercoil | BJP | Graduate,"Sudharsanam | Madavaram | DMK | ? 37,26,61,072",Sudharsanam | Madavaram | DMK | 22,,,
P. Ramalingam | Namakkal | DMK | Post Graduate,"Karapakkam Ganapathi | Maduravoyal | DMK | ? 85,30,700",Karapakkam Ganapathi | Maduravoyal | DMK | 0,,,
Ruby R.manoharan | Nanguneri | INC | NA,"P. T. R. Palanivel Thiagarajan | Madurai Central | DMK | ? 38,89,53,333",P. T. R. Palanivel Thiagarajan | Madurai Central | DMK | 4,,,
R.kamaraj | Nannilam | AIADMK | Post Graduate,"P Moorthi | Madurai East | DMK | ? 11,35,69,676",P Moorthi | Madurai East | DMK | 3,,,
Vishwanathan | Natham | AIADMK | Graduate,"Ko Thalapathi | Madurai North | DMK | ? 13,59,25,170",Ko Thalapathi | Madurai North | DMK | 12,,,
Saba Rajendiran | Neyveli | DMK | Graduate Professional,"Bhoominathan | Madurai South | MDMK | ? 7,00,07,388",Bhoominathan | Madurai South | MDMK | 2,,,
S. Thenmozhi | Nilakkottai | AIADMK | 10th Pass,"Sellur K.raju | Madurai West | AIADMK | ? 6,49,04,706",Sellur K.raju | Madurai West | AIADMK | 1,,,
R. Sakkarapani | Oddanchatram | DMK | Graduate,"Maragatham Kumaravel | Madurantakam | AIADMK | ? 3,76,09,491",Maragatham Kumaravel | Madurantakam | AIADMK | 0,,,
R.mani | Omalur | AIADMK | Graduate Professional,"Sivakumar | Mailam | PMK | ? 79,77,225",Sivakumar | Mailam | PMK | 0,,,
Vaithiyalingam | Orathanadu | AIADMK | 12th Pass,"C.kathiravan | Manachanallur | DMK | ? 1,21,21,56,670",C.kathiravan | Manachanallur | DMK | 99,,,
Shanmugayyaa | Ottapidaram | DMK | Graduate Professional,"Tamilarasi | Manamadurai | DMK | ? 2,18,45,568",Tamilarasi | Manamadurai | DMK | 8,,,
Mano Thangaraj | Padmanabhapuram | DMK | Post Graduate,"Abdul Samadh | Manapparai | MMK | ? 10,64,400",Abdul Samadh | Manapparai | MMK | 1,,,
K.p.anbazhagan | Palacode | AIADMK | 12th Pass,"Trb Raja | Mannargudi | DMK | ? 41,81,59,401",Trb Raja | Mannargudi | DMK | 2,,,
I.p.senthilkumar | Palani | DMK | Post Graduate,"Rajakumar | Mayiladuthurai | INC | ? 8,27,82,454",Rajakumar | Mayiladuthurai | INC | 1,,,
Abdul Wahab | Palayamkottai | DMK | Graduate,"Periyapulla @ Selvam | Melur | AIADMK | ? 1,90,19,770",Periyapulla @ Selvam | Melur | AIADMK | 0,,,
M.s.m.anandhan | Palladam | AIADMK | 10th Pass,"A.k.selvaraj | Mettuppalayam | AIADMK | ? 1,04,70,989",A.k.selvaraj | Mettuppalayam | AIADMK | 0,,,
Karunanidhi | Pallavaram | DMK | 10th Pass,"Sadhasivam | Mettur | PMK | ? 2,78,12,072",Sadhasivam | Mettur | PMK | 2,,,
Velmurugan | Panruti | TVK | Graduate,"C.k.saraswathi | Modakkurichi | BJP | ? 11,87,79,515",C.k.saraswathi | Modakkurichi | BJP | 0,,,
M. H. Jawahirullah | Papanasam | MMK | Doctorate,"Raja Kannapan | Mudhukulathur | DMK | ? 1,40,07,776",Raja Kannapan | Mudhukulathur | DMK | 0,,,
A.govindasami | Pappireddippatti | AIADMK | 12th Pass,"N.thiyagarajan | Musiri | DMK | ? 67,85,000",N.thiyagarajan | Musiri | DMK | 24,,,
Murugesan | Paramakudi | DMK | 5th Pass,Mylai Velu | Mylapore | DMK | ? NA,Mylai Velu | Mylapore | DMK | NA,,,
S.sekar | Paramathi-Velur | AIADMK | Graduate Professional,"Aloor Shanavas | Nagapattinam | VCK | ? 27,85,391",Aloor Shanavas | Nagapattinam | VCK | 1,,,
Annadurai | Pattukkottai | DMK | Graduate Professional,"M.r.gandhi | Nagercoil | BJP | ? 50,50,000",M.r.gandhi | Nagercoil | BJP | 0,,,
G.k.mani | Pennagaram | PMK | 12th Pass,"P. Ramalingam | Namakkal | DMK | ? 27,55,60,913",P. Ramalingam | Namakkal | DMK | 0,,,
M Prabhakaran | Perambalur | DMK | Post Graduate,Ruby R.manoharan | Nanguneri | INC | ? NA,Ruby R.manoharan | Nanguneri | INC | NA,,,
R D Sekar | Perambur | DMK | Graduate Professional,"R.kamaraj | Nannilam | AIADMK | ? 3,13,06,770",R.kamaraj | Nannilam | AIADMK | 1,,,
N Ashok Kumar | Peravurani | DMK | 10th Pass,"Vishwanathan | Natham | AIADMK | ? 4,62,67,279",Vishwanathan | Natham | AIADMK | 3,,,
K S Saravanakumar | Periyakulam | DMK | Post Graduate,"Saba Rajendiran | Neyveli | DMK | ? 6,20,90,178",Saba Rajendiran | Neyveli | DMK | 7,,,
Jayakumar | Perundurai | AIADMK | Others,"S. Thenmozhi | Nilakkottai | AIADMK | ? 17,45,34,231",S. Thenmozhi | Nilakkottai | AIADMK | 0,,,
Jayaraman | Pollachi | AIADMK | Doctorate,"R. Sakkarapani | Oddanchatram | DMK | ? 9,48,67,797",R. Sakkarapani | Oddanchatram | DMK | 6,,,
Agri Krishnamoorthy | Polur | AIADMK | Graduate Professional,"R.mani | Omalur | AIADMK | ? 4,98,71,511",R.mani | Omalur | AIADMK | 1,,,
Durai Chandrasekhar | Ponneri | INC | Graduate Professional,"Vaithiyalingam | Orathanadu | AIADMK | ? 3,27,67,707",Vaithiyalingam | Orathanadu | AIADMK | 0,,,
Nivetha Murugan | Poompuhar | DMK | NA,"Shanmugayyaa | Ottapidaram | DMK | ? 1,42,58,275",Shanmugayyaa | Ottapidaram | DMK | 10,,,
A Krishnasami | Poonamallee | DMK | Graduate Professional,"Mano Thangaraj | Padmanabhapuram | DMK | ? 23,39,869",Mano Thangaraj | Padmanabhapuram | DMK | 29,,,
Muthuraja | Pudukkottai | DMK | Graduate Professional,"K.p.anbazhagan | Palacode | AIADMK | ? 18,83,04,297",K.p.anbazhagan | Palacode | AIADMK | 0,,,
M.appavu | Radhapuram | DMK | 12th Pass,"I.p.senthilkumar | Palani | DMK | ? 8,06,15,229",I.p.senthilkumar | Palani | DMK | 14,,,
Thangapandiyan | Rajapalayam | DMK | NA,"Abdul Wahab | Palayamkottai | DMK | ? 2,27,18,035",Abdul Wahab | Palayamkottai | DMK | 26,,,
Kadhar Batcha Alas Muthuramalingam | Ramanathapuram | DMK | 12th Pass,"M.s.m.anandhan | Palladam | AIADMK | ? 7,97,05,395",M.s.m.anandhan | Palladam | AIADMK | 0,,,
Gandhi | Ranipet | DMK | 10th Pass,"Karunanidhi | Pallavaram | DMK | ? 1,00,08,315",Karunanidhi | Pallavaram | DMK | 12,,,
Dr.m.madhivendhan | Rasipuram | DMK | Graduate Professional,"Velmurugan | Panruti | TVK | ? 23,93,638",Velmurugan | Panruti | TVK | 17,,,
Vasantham Karthikeyan | Rishivandiyam | DMK | Graduate Professional,"M. H. Jawahirullah | Papanasam | MMK | ? 2,75,69,226",M. H. Jawahirullah | Papanasam | MMK | 1,,,
Ira Moorthi | Royapuram | DMK | 10th Pass,"A.govindasami | Pappireddippatti | AIADMK | ? 2,84,79,202",A.govindasami | Pappireddippatti | AIADMK | 0,,,
Ma Subramaniam | Saidapet | DMK | NA,"Murugesan | Paramakudi | DMK | ? 1,80,40,919",Murugesan | Paramakudi | DMK | 0,,,
R Rajendhiran | Salem (North) | DMK | Graduate Professional,"S.sekar | Paramathi-Velur | AIADMK | ? 2,26,61,492",S.sekar | Paramathi-Velur | AIADMK | 0,,,
Balasubramanian | Salem (South) | AIADMK | Graduate,"Annadurai | Pattukkottai | DMK | ? 1,82,32,530",Annadurai | Pattukkottai | DMK | 6,,,
R.arul | Salem (West) | PMK | Graduate,"G.k.mani | Pennagaram | PMK | ? 73,23,252",G.k.mani | Pennagaram | PMK | 8,,,
E.raja | Sankarankovil | DMK | Post Graduate,"M Prabhakaran | Perambalur | DMK | ? 3,36,82,246",M Prabhakaran | Perambalur | DMK | 6,,,
Tha Udhayasuriyan | Sankarapuram | DMK | Graduate,"R D Sekar | Perambur | DMK | ? 1,28,91,842",R D Sekar | Perambur | DMK | 10,,,
Sundaraj | Sankari | AIADMK | Graduate,"N Ashok Kumar | Peravurani | DMK | ? 6,10,20,192",N Ashok Kumar | Peravurani | DMK | 0,,,
A.r.raguraman | Sattur | MDMK | Graduate Professional,"K S Saravanakumar | Periyakulam | DMK | ? 2,32,85,964",K S Saravanakumar | Periyakulam | DMK | 4,,,
K Ponnusami | Senthamangalam | DMK | 8th Pass,"Jayakumar | Perundurai | AIADMK | ? 8,72,19,470",Jayakumar | Perundurai | AIADMK | 0,,,
Venkatesan | Sholavandan | DMK | Graduate,"Jayaraman | Pollachi | AIADMK | ? 30,88,96,045",Jayaraman | Pollachi | AIADMK | 0,,,
Aravind Ramesh | Shozhinganallur | DMK | 8th Pass,"Agri Krishnamoorthy | Polur | AIADMK | ? 7,53,97,719",Agri Krishnamoorthy | Polur | AIADMK | 1,,,
A.m.munirathinam | Sholingur | INC | 10th Pass,"Durai Chandrasekhar | Ponneri | INC | ? 66,71,323",Durai Chandrasekhar | Ponneri | INC | 1,,,
K.r.jayaram | Singanallur | AIADMK | 8th Pass,Nivetha Murugan | Poompuhar | DMK | ? NA,Nivetha Murugan | Poompuhar | DMK | NA,,,
Mu Panneerselvam | Sirkazhi | DMK | Post Graduate,"A Krishnasami | Poonamallee | DMK | ? 13,13,17,837",A Krishnasami | Poonamallee | DMK | 8,,,
Senthilnathan | Sivaganga | AIADMK | Graduate Professional,"Muthuraja | Pudukkottai | DMK | ? 9,12,18,510",Muthuraja | Pudukkottai | DMK | 0,,,
A.m.s.g.ashokan | Sivakasi | INC | Graduate,"M.appavu | Radhapuram | DMK | ? 2,53,54,570",M.appavu | Radhapuram | DMK | 7,,,
K.selvaperunthagai | Sriperumbudur | INC | Graduate Professional,Thangapandiyan | Rajapalayam | DMK | ? NA,Thangapandiyan | Rajapalayam | DMK | NA,,,
M.palaniandi | Srirangam | DMK | 8th Pass,"Kadhar Batcha Alas Muthuramalingam | Ramanathapuram | DMK | ? 1,02,60,895",Kadhar Batcha Alas Muthuramalingam | Ramanathapuram | DMK | 5,,,
Urvasi S.amirtharaj | Srivaikuntam | INC | Post Graduate,"Gandhi | Ranipet | DMK | ? 47,94,13,150",Gandhi | Ranipet | DMK | 3,,,
Maanraj | Srivilliputhur | AIADMK | Graduate,"Dr.m.madhivendhan | Rasipuram | DMK | ? 5,22,43,724",Dr.m.madhivendhan | Rasipuram | DMK | 0,,,
Vp Kandhasamy | Sulur | AIADMK | Graduate,"Vasantham Karthikeyan | Rishivandiyam | DMK | ? 15,22,01,957",Vasantham Karthikeyan | Rishivandiyam | DMK | 34,,,
S R Raja | Tambaram | DMK | 8th Pass,"Ira Moorthi | Royapuram | DMK | ? 1,12,19,58,217",Ira Moorthi | Royapuram | DMK | 0,,,
S.palani Nadar | Tenkasi | INC | NA,Ma Subramaniam | Saidapet | DMK | ? NA,Ma Subramaniam | Saidapet | DMK | NA,,,
Ramachandran | Thalli | CPI | Graduate Professional,"R Rajendhiran | Salem (North) | DMK | ? 2,60,63,861",R Rajendhiran | Salem (North) | DMK | 16,,,
Tkg Neelamegam | Thanjavur | DMK | 8th Pass,"Balasubramanian | Salem (South) | AIADMK | ? 3,56,09,566",Balasubramanian | Salem (South) | AIADMK | 0,,,
Thayagam Kavi | Thiru-vi-ka-nagar | DMK | Post Graduate,"R.arul | Salem (West) | PMK | ? 5,43,04,970",R.arul | Salem (West) | PMK | 7,,,
R.b.udhayakumar | Thirumangalam | AIADMK | Post Graduate,"E.raja | Sankarankovil | DMK | ? 6,31,56,370",E.raja | Sankarankovil | DMK | 3,,,
Ragupathi | Thirumayam | DMK | Graduate Professional,"Tha Udhayasuriyan | Sankarapuram | DMK | ? 8,81,92,627",Tha Udhayasuriyan | Sankarapuram | DMK | 38,,,
Rajan Chellapa | Thiruparankundram | AIADMK | Post Graduate,"Sundaraj | Sankari | AIADMK | ? 3,03,07,813",Sundaraj | Sankari | AIADMK | 0,,,
S.s.balaji | Thiruporur | VCK | Graduate Professional,"A.r.raguraman | Sattur | MDMK | ? 1,80,72,721",A.r.raguraman | Sattur | MDMK | 0,,,
Marimuthu | Thiruthuraipoondi | CPI | 12th Pass,"K Ponnusami | Senthamangalam | DMK | ? 76,65,424",K Ponnusami | Senthamangalam | DMK | 0,,,
Durai Chandrasekaran | Thiruvaiyaru | DMK | Graduate Professional,"Venkatesan | Sholavandan | DMK | ? 1,63,61,245",Venkatesan | Sholavandan | DMK | 0,,,
Rajendran | Thiruvallur | DMK | NA,"Aravind Ramesh | Shozhinganallur | DMK | ? 28,59,05,344",Aravind Ramesh | Shozhinganallur | DMK | 22,,,
Poondi Kalaivanan | Thiruvarur | DMK | 12th Pass,"A.m.munirathinam | Sholingur | INC | ? 70,32,68,591",A.m.munirathinam | Sholingur | INC | 2,,,
Anbil Mahesh Poyyamozhi | Thiruverumbur | DMK | Post Graduate,"K.r.jayaram | Singanallur | AIADMK | ? 90,32,17,625",K.r.jayaram | Singanallur | AIADMK | 0,,,
Kovi Chezhiyan | Thiruvidaimarudur | DMK | NA,"Mu Panneerselvam | Sirkazhi | DMK | ? 2,08,90,000",Mu Panneerselvam | Sirkazhi | DMK | 11,,,
Sankar | Thiruvottiyur | DMK | 8th Pass,"Senthilnathan | Sivaganga | AIADMK | ? 7,20,08,344",Senthilnathan | Sivaganga | AIADMK | 1,,,
J Karunanidhi | Thiyagarayanagar | DMK | 8th Pass,"A.m.s.g.ashokan | Sivakasi | INC | ? 49,46,69,749",A.m.s.g.ashokan | Sivakasi | INC | 3,,,
S.p.velumani | Thondamuthur | AIADMK | Post Graduate,"K.selvaperunthagai | Sriperumbudur | INC | ? 27,54,57,744",K.selvaperunthagai | Sriperumbudur | INC | 3,,,
Geetha Jeevan | Thoothukkudi | DMK | Post Graduate,"M.palaniandi | Srirangam | DMK | ? 9,07,42,428",M.palaniandi | Srirangam | DMK | 7,,,
Dr. Ezhilan | Thousand Lights | DMK | Graduate Professional,"Urvasi S.amirtharaj | Srivaikuntam | INC | ? 69,25,72,391",Urvasi S.amirtharaj | Srivaikuntam | INC | 0,,,
Stalin Kumar | Thuraiyur | DMK | Graduate Professional,"Maanraj | Srivilliputhur | AIADMK | ? 1,10,24,579",Maanraj | Srivilliputhur | AIADMK | 0,,,
Arjunan | Tindivanam | AIADMK | 10th Pass,"Vp Kandhasamy | Sulur | AIADMK | ? 4,38,93,608",Vp Kandhasamy | Sulur | AIADMK | 0,,,
Anitha Radhakrishnan | Tiruchendur | DMK | 10th Pass,"S R Raja | Tambaram | DMK | ? 27,41,69,999",S R Raja | Tambaram | DMK | 3,,,
E.r.eshwaran | Tiruchengodu | KMDK | Graduate Professional,S.palani Nadar | Tenkasi | INC | ? NA,S.palani Nadar | Tenkasi | INC | NA,,,
Inigo Irudhayaraj | Tiruchirappalli (East) | DMK | Doctorate,"Ramachandran | Thalli | CPI | ? 5,18,96,937",Ramachandran | Thalli | CPI | 25,,,
K.n.nehru | Tiruchirappalli (West) | DMK | 12th Pass,"Tkg Neelamegam | Thanjavur | DMK | ? 96,07,836",Tkg Neelamegam | Thanjavur | DMK | 5,,,
Thangam Thennarasu | Tiruchuli | DMK | Graduate Professional,"Thayagam Kavi | Thiru-vi-ka-nagar | DMK | ? 2,05,16,556",Thayagam Kavi | Thiru-vi-ka-nagar | DMK | 15,,,
K.ponmudi | Tirukkoyilur | DMK | Doctorate,"R.b.udhayakumar | Thirumangalam | AIADMK | ? 1,82,70,625",R.b.udhayakumar | Thirumangalam | AIADMK | 0,,,
Naimar Nagendran | Tirunelveli | BJP | Post Graduate,"Ragupathi | Thirumayam | DMK | ? 15,32,61,761",Ragupathi | Thirumayam | DMK | 23,,,
Nallathambi | Tirupattur | DMK | 10th Pass,"Rajan Chellapa | Thiruparankundram | AIADMK | ? 6,54,33,366",Rajan Chellapa | Thiruparankundram | AIADMK | 0,,,
K R Periyakaruppan | Tiruppattur | DMK | Graduate,"S.s.balaji | Thiruporur | VCK | ? 3,10,99,633",S.s.balaji | Thiruporur | VCK | 2,,,
Vijayakumar | Tiruppur (North) | AIADMK | 5th Pass,"Marimuthu | Thiruthuraipoondi | CPI | ? 3,30,460",Marimuthu | Thiruthuraipoondi | CPI | 3,,,
K. Selvaraj | Tiruppur (South) | DMK | 5th Pass,"Durai Chandrasekaran | Thiruvaiyaru | DMK | ? 3,26,95,819",Durai Chandrasekaran | Thiruvaiyaru | DMK | 10,,,
S Chandran | Tiruttani | DMK | Graduate Professional,Rajendran | Thiruvallur | DMK | ? NA,Rajendran | Thiruvallur | DMK | NA,,,
R.m.karumanickam | Tiruvadanai | INC | Graduate Professional,"Poondi Kalaivanan | Thiruvarur | DMK | ? 3,08,30,904",Poondi Kalaivanan | Thiruvarur | DMK | 49,,,
A V Velu | Tiruvannamalai | DMK | Post Graduate,"Anbil Mahesh Poyyamozhi | Thiruverumbur | DMK | ? 9,01,50,300",Anbil Mahesh Poyyamozhi | Thiruverumbur | DMK | 9,,,
C V Ganesan | Tittagudi (SC) | DMK | Post Graduate,Kovi Chezhiyan | Thiruvidaimarudur | DMK | ? NA,Kovi Chezhiyan | Thiruvidaimarudur | DMK | NA,,,
R.ganesh | Udhagamandalam | INC | Post Graduate,"Sankar | Thiruvottiyur | DMK | ? 4,54,20,547",Sankar | Thiruvottiyur | DMK | 2,,,
K.radhakrishnan | Udumalaipettai | AIADMK | Graduate,"J Karunanidhi | Thiyagarayanagar | DMK | ? 3,44,08,856",J Karunanidhi | Thiyagarayanagar | DMK | 3,,,
A J Manikannan | Ulundurpettai | DMK | 10th Pass,"S.p.velumani | Thondamuthur | AIADMK | ? 5,59,31,162",S.p.velumani | Thondamuthur | AIADMK | 0,,,
Aiyappan | Usilampatti | AIADMK | Graduate,"Geetha Jeevan | Thoothukkudi | DMK | ? 9,82,76,048",Geetha Jeevan | Thoothukkudi | DMK | 15,,,
T.m.tamilselvm | Uthangarai | AIADMK | 10th Pass,"Dr. Ezhilan | Thousand Lights | DMK | ? 1,18,51,770",Dr. Ezhilan | Thousand Lights | DMK | 0,,,
Sundar | Uthiramerur | DMK | Graduate,"Stalin Kumar | Thuraiyur | DMK | ? 63,89,252",Stalin Kumar | Thuraiyur | DMK | 13,,,
Amul Kandhasamy | Valparai | AIADMK | 10th Pass,"Arjunan | Tindivanam | AIADMK | ? 1,51,97,130",Arjunan | Tindivanam | AIADMK | 0,,,
S Ambethkumar | Vandavasi | DMK | NA,"Anitha Radhakrishnan | Tiruchendur | DMK | ? 5,28,70,844",Anitha Radhakrishnan | Tiruchendur | DMK | 16,,,
Senthilkumar | Vaniyambadi | AIADMK | Graduate Professional,"E.r.eshwaran | Tiruchengodu | KMDK | ? 40,94,77,265",E.r.eshwaran | Tiruchengodu | KMDK | 5,,,
Chakkarabani | Vanur | AIADMK | Graduate,"Inigo Irudhayaraj | Tiruchirappalli (East) | DMK | ? 17,37,11,662",Inigo Irudhayaraj | Tiruchirappalli (East) | DMK | 2,,,
Sathan Tirumalaikumar | Vasudevanallur | MDMK | Graduate Professional,"K.n.nehru | Tiruchirappalli (West) | DMK | ? 3,93,91,122",K.n.nehru | Tiruchirappalli (West) | DMK | 10,,,
S.gandhirajan | Vedasandur | DMK | Graduate Professional,"Thangam Thennarasu | Tiruchuli | DMK | ? 11,87,61,867",Thangam Thennarasu | Tiruchuli | DMK | 7,,,
O.s. Maniyan | Vedaranyam | AIADMK | Others,"K.ponmudi | Tirukkoyilur | DMK | ? 17,42,07,991",K.ponmudi | Tirukkoyilur | DMK | 13,,,
M.raja | Veerapandi | AIADMK | Graduate,"Naimar Nagendran | Tirunelveli | BJP | ? 26,77,72,882",Naimar Nagendran | Tirunelveli | BJP | 1,,,
J.m.h.hassan | Velachery | INC | Post Graduate,"Nallathambi | Tirupattur | DMK | ? 1,95,36,484",Nallathambi | Tirupattur | DMK | 5,,,
Karthikeyan | Vellore | DMK | 5th Pass,"K R Periyakaruppan | Tiruppattur | DMK | ? 8,70,31,084",K R Periyakaruppan | Tiruppattur | DMK | 18,,,
K.p. Munusamy | Veppanahalli | AIADMK | Graduate Professional,"Vijayakumar | Tiruppur (North) | AIADMK | ? 2,42,87,144",Vijayakumar | Tiruppur (North) | AIADMK | 0,,,
Na Pugazhendhi | Vikravandi | DMK | 8th Pass,"K. Selvaraj | Tiruppur (South) | DMK | ? 2,53,57,510",K. Selvaraj | Tiruppur (South) | DMK | 4,,,
Markandeyan | Vilathikulam | DMK | Graduate Professional,"S Chandran | Tiruttani | DMK | ? 4,49,32,385",S Chandran | Tiruttani | DMK | 0,,,
Vijayatharani | Vilavancode | INC | Graduate Professional,"R.m.karumanickam | Tiruvadanai | INC | ? 3,11,30,586",R.m.karumanickam | Tiruvadanai | INC | 0,,,
Vetriyazhagan | Villivakkam | DMK | Post Graduate,"A V Velu | Tiruvannamalai | DMK | ? 23,32,27,340",A V Velu | Tiruvannamalai | DMK | 7,,,
R Lakshmanan | Villupuram | DMK | Graduate Professional,"C V Ganesan | Tittagudi (SC) | DMK | ? 9,49,32,500",C V Ganesan | Tittagudi (SC) | DMK | 0,,,
Vijayabaskar | Viralimalai | AIADMK | Graduate Professional,"R.ganesh | Udhagamandalam | INC | ? 2,15,67,308",R.ganesh | Udhagamandalam | INC | 1,,,
A.r.r.srinivasan | Virudhunagar | DMK | 12th Pass,"K.radhakrishnan | Udumalaipettai | AIADMK | ? 2,12,33,053",K.radhakrishnan | Udumalaipettai | AIADMK | 1,,,
A M V Prabhakar Raja | Virugampakkam | DMK | Post Graduate,"A J Manikannan | Ulundurpettai | DMK | ? 5,39,57,979",A J Manikannan | Ulundurpettai | DMK | 4,,,
M.r.r.radhakrishnan | Vridhachalam | INC | 10th Pass,"Aiyappan | Usilampatti | AIADMK | ? 50,13,217",Aiyappan | Usilampatti | AIADMK | 1,,,
Chitra | Yercaud | AIADMK | 5th Pass,"T.m.tamilselvm | Uthangarai | AIADMK | ? 45,76,885",T.m.tamilselvm | Uthangarai | AIADMK | 0,,,
,"Sundar | Uthiramerur | DMK | ? 3,15,57,810",Sundar | Uthiramerur | DMK | 3,,,
,"Amul Kandhasamy | Valparai | AIADMK | ? 1,97,54,937",Amul Kandhasamy | Valparai | AIADMK | 0,,,
,S Ambethkumar | Vandavasi | DMK | ? NA,S Ambethkumar | Vandavasi | DMK | NA,,,
,"Senthilkumar | Vaniyambadi | AIADMK | ? 2,40,29,751",Senthilkumar | Vaniyambadi | AIADMK | 1,,,
,"Chakkarabani | Vanur | AIADMK | ? 1,61,46,050",Chakkarabani | Vanur | AIADMK | 0,,,
,"Sathan Tirumalaikumar | Vasudevanallur | MDMK | ? 8,32,85,025",Sathan Tirumalaikumar | Vasudevanallur | MDMK | 1,,,
,"S.gandhirajan | Vedasandur | DMK | ? 9,93,25,525",S.gandhirajan | Vedasandur | DMK | 2,,,
,"O.s. Maniyan | Vedaranyam | AIADMK | ? 1,60,87,930",O.s. Maniyan | Vedaranyam | AIADMK | 0,,,
,"M.raja | Veerapandi | AIADMK | ? 3,64,50,974",M.raja | Veerapandi | AIADMK | 0,,,
,"J.m.h.hassan | Velachery | INC | ? 11,78,41,833",J.m.h.hassan | Velachery | INC | 5,,,
,"Karthikeyan | Vellore | DMK | ? 17,61,82,388",Karthikeyan | Vellore | DMK | 4,,,
,"K.p. Munusamy | Veppanahalli | AIADMK | ? 12,35,38,973",K.p. Munusamy | Veppanahalli | AIADMK | 0,,,
,"Na Pugazhendhi | Vikravandi | DMK | ? 52,10,805",Na Pugazhendhi | Vikravandi | DMK | 4,,,
,"Markandeyan | Vilathikulam | DMK | ? 6,22,95,991",Markandeyan | Vilathikulam | DMK | 5,,,
,"Vijayatharani | Vilavancode | INC | ? 9,11,53,377",Vijayatharani | Vilavancode | INC | 8,,,
,"Vetriyazhagan | Villivakkam | DMK | ? 23,27,62,681",Vetriyazhagan | Villivakkam | DMK | 0,,,
,"R Lakshmanan | Villupuram | DMK | ? 19,77,04,524",R Lakshmanan | Villupuram | DMK | 2,,,
,"Vijayabaskar | Viralimalai | AIADMK | ? 61,50,84,428",Vijayabaskar | Viralimalai | AIADMK | 1,,,
,"A.r.r.srinivasan | Virudhunagar | DMK | ? 96,29,516",A.r.r.srinivasan | Virudhunagar | DMK | 3,,,
,"A M V Prabhakar Raja | Virugampakkam | DMK | ? 2,22,76,366",A M V Prabhakar Raja | Virugampakkam | DMK | 6,,,
,"M.r.r.radhakrishnan | Vridhachalam | INC | ? 1,54,44,809",M.r.r.radhakrishnan | Vridhachalam | INC | 5,,,
,"Chitra | Yercaud | AIADMK | ? 1,69,04,643",Chitra | Yercaud | AIADMK | 0,,,
